PackageName,Date,Downloads
qsharp,2024-12-03,427
qsharp,2024-12-04,376
qsharp,2024-12-05,826
qsharp,2024-12-06,583
qsharp,2024-12-07,407
qsharp,2024-12-08,756
qsharp,2024-12-09,720
qsharp,2024-12-10,1150
qsharp,2024-12-11,1484
qsharp,2024-12-12,345
qsharp,2024-12-13,1443
qsharp,2024-12-14,688
qsharp,2024-12-15,90
qsharp,2024-12-16,343
qsharp,2024-12-17,1703
qsharp,2024-12-18,784
qsharp,2024-12-19,2206
qsharp,2024-12-20,1244
qsharp,2024-12-21,1128
qsharp,2024-12-22,168
qsharp,2024-12-23,193
qsharp,2024-12-24,741
qsharp,2024-12-25,94
qsharp,2024-12-26,695
qsharp,2024-12-27,878
qsharp,2024-12-28,828
qsharp,2024-12-29,418
qsharp,2024-12-30,185
qsharp,2024-12-31,1653
qsharp,2025-01-01,244
qsharp,2025-01-02,240
qsharp,2025-01-03,222
qsharp,2025-01-04,324
qsharp,2025-01-05,2026
qsharp,2025-01-06,702
qsharp,2025-01-07,1317
qsharp,2025-01-08,771
qsharp,2025-01-09,3618
qsharp,2025-01-10,918
qsharp,2025-01-11,1466
qsharp,2025-01-12,2665
qsharp,2025-01-13,1031
qsharp,2025-01-14,2203
qsharp,2025-01-15,1141
qsharp,2025-01-16,1527
qsharp,2025-01-17,243
qsharp,2025-01-18,82
qsharp,2025-01-19,151
qsharp,2025-01-20,822
qsharp,2025-01-21,461
qsharp,2025-01-22,455
qsharp,2025-01-23,265
qsharp,2025-01-24,368
qsharp,2025-01-25,1098
qsharp,2025-01-26,139
qsharp,2025-01-27,324
qsharp,2025-01-28,1269
qsharp,2025-01-29,1463
qsharp,2025-01-30,501
qsharp,2025-01-31,849
qsharp,2025-02-01,802
qsharp,2025-02-02,136
qsharp,2025-02-03,411
qsharp,2025-02-04,1082
qsharp,2025-02-05,615
qsharp,2025-02-06,549
qsharp,2025-02-07,1664
qsharp,2025-02-08,1466
qsharp,2025-02-09,731
qsharp,2025-02-10,1146
qsharp,2025-02-12,534
qsharp,2025-02-13,1820
qsharp,2025-02-14,836
qsharp,2025-02-15,809
qsharp,2025-02-16,123
qsharp,2025-02-17,299
qsharp,2025-02-18,537
qsharp,2025-02-19,1054
qsharp,2025-02-20,988
qsharp,2025-02-21,1093
qsharp,2025-02-22,498
qsharp,2025-02-23,197
qsharp,2025-02-24,1109
qsharp,2025-02-25,776
qsharp,2025-02-26,830
qsharp,2025-02-27,1514
qsharp,2025-02-28,1550
qsharp,2025-03-01,522
qsharp,2025-03-02,735
qsharp,2025-03-03,605
qsharp,2025-03-04,587
qsharp,2025-03-05,1521
qsharp,2025-03-06,1122
qsharp,2025-03-07,1562
qsharp,2025-03-08,1031
qsharp,2025-03-09,690
qsharp,2025-03-10,1331
qsharp,2025-03-11,1559
qsharp,2025-03-12,2445
qsharp,2025-03-13,1226
qsharp,2025-03-14,1836
qsharp,2025-03-15,525
qsharp,2025-03-16,376
qsharp,2025-03-17,2317
qsharp,2025-03-18,459
qsharp,2025-03-19,1474
qsharp,2025-03-20,1566
qsharp,2025-03-21,623
qsharp,2025-03-22,834
qsharp,2025-03-23,275
qsharp,2025-03-24,492
qsharp,2025-03-25,752
qsharp,2025-03-26,414
qsharp,2025-03-27,1450
qsharp,2025-03-28,1462
qsharp,2025-03-29,653
qsharp,2025-03-30,1258
qsharp,2025-03-31,978
qsharp,2025-04-01,917
qsharp,2025-04-02,713
qsharp,2025-04-03,310
qsharp,2025-04-04,1802
qsharp,2025-04-05,258
qsharp,2025-04-06,432
qsharp,2025-04-07,1195
qsharp,2025-04-08,1266
qsharp,2025-04-09,708
qsharp,2025-04-10,1703
qsharp,2025-04-11,340
qsharp,2025-04-12,550
qsharp,2025-04-13,191
qsharp,2025-04-14,600
qsharp,2025-04-15,533
qsharp,2025-04-16,1983
qsharp,2025-04-17,1145
qsharp,2025-04-18,1042
qsharp,2025-04-19,912
qsharp,2025-04-20,1516
qsharp,2025-04-21,1702
qsharp,2025-04-22,1011
qsharp,2025-04-23,814
qsharp,2025-04-24,1136
qsharp,2025-04-25,784
qsharp,2025-04-26,873
qsharp,2025-04-27,886
qsharp,2025-04-28,494
qsharp,2025-04-29,474
qsharp,2025-04-30,1713
qsharp,2025-05-01,1656
qsharp,2025-05-02,526
qsharp,2025-05-03,249
qsharp,2025-05-04,299
qsharp,2025-05-05,566
qsharp,2025-05-06,976
qsharp,2025-05-07,1417
qsharp,2025-05-08,1250
qsharp,2025-05-09,1238
qsharp,2025-05-10,55
qsharp,2025-05-11,640
qsharp,2025-05-12,918
qsharp,2025-05-13,914
qsharp,2025-05-14,1643
qsharp,2025-05-15,628
qsharp,2025-05-16,1088
qsharp,2025-05-17,270
qsharp,2025-05-18,262
qsharp,2025-05-19,811
qsharp,2025-05-20,1227
qsharp,2025-05-21,1236
qsharp,2025-05-22,893
qsharp,2025-05-23,1330
qsharp,2025-05-24,397
qsharp,2025-05-25,154
qsharp,2025-05-26,874
qsharp,2025-05-27,1412
qsharp,2025-05-28,1206
qsharp,2025-05-29,1424
qsharp,2025-05-30,1000
qsharp,2025-05-31,252
qsharp,2025-06-01,344
qsharp,2025-06-02,698
qsharp,2025-06-03,631
qsharp,2025-06-04,806
